<?xml version="1.0" encoding="utf-8"?>
<Maps>
  <Map Name="RNP_X_07R" Type="System2" Pattern="Solid" Priority="0" Center="+08.975042+038.799400">
    <Label HasLeader="true">
      <Point>UTRIX</Point>
      <Point>UTOXO</Point>
      <Point>EPMAT</Point>
      <Point>EGSUT</Point>
      <Point>APDIG</Point>
      <Point>EPRUM</Point>
    </Label>
    <Symbol Type="HollowTriangle">
      <Point>UTRIX</Point>
      <Point>APDIG</Point>
      <Point>EPRUM</Point>
    </Symbol>
     <Symbol Type="MalteseCross">
      <Point>UTOXO</Point>
      <Point>EGSUT</Point>
    </Symbol>
    <Symbol Type="HollowStar">
      <Point>EPMAT</Point>
    </Symbol>
    <Line>UTRIX/UTOXO/EPMAT/EGSUT/+08.973236+038.786644</Line>
    <Line>APDIG/EPMAT</Line>
    <Line>EPRUM/EPMAT</Line>
  </Map>
</Maps>