﻿<?xml version="1.0" encoding="UTF-8"?>
<Positions>
  <Position Name="Addis Bandbox" Type="ASD" DefaultCenter="+08.975042+038.799400" DefaultRange="1500" VisibilityRange="500">
    <Sectors>
      <Sector Name="ACW"/>
      <Sector Name="ACE"/>
      <Sector Name="ABA"/>
      <Sector Name="BDA"/>
      <Sector Name="DAMA"/>
      <Sector Name="DRA"/>
      <Sector Name="MKA"/>
    </Sectors>
    <ManualVisibility>
        <Point>+11.978042+038.983478</Point>
        <Point>+05.709266+036.259884</Point>
        <Point>+07.916295+044.533680</Point>
    </ManualVisibility>
    <Maps>
      <Map Name="ALL_NAVAIDS"/>
      <Map Name="ALL_CTA"/>
      <Map Name="ALL_COAST"/>
      <Map Name="ALL_ROUTE_HIGH"/>
    </Maps>
    <ATIS>
        <Editor Airport="HAAB" Frequency="128.8" />
        <Window Airport="HAAB" />
        <Window Airport="HDAM" />
      </ATIS>
    <Strips Mode="State" Sort="Time">
      <Window Type="State" State="Jurisdiction" Visible="true"/>
      <Window Type="State" State="Announced" Visible="true"/>
      <Window Type="State" State="Preactive" Visible="true"/>
    </Strips>
    <ArrivalLists>
      <Airport Name="HAAB"/>
      <Airport Name="HDAM"/>
    </ArrivalLists>
    <CFL QuickLevel="16000"/>
    <ControllerInfo>
      <Line>"Addis Control West"</Line>
      <Line>Covering Ethiopia and Djibouti when local ATC offline</Line>
    </ControllerInfo>
    <ControllerInfo Callsign="HAAA_2_CTR">
      <Line>"Addis Control East"</Line>
      <Line>Covering Ethiopia and Djibouti when local ATC offline</Line>
    </ControllerInfo>
  </Position>
  <Group Name="TMA positions">
  <Position Name="Bole Approach" Type="ASD" DefaultCenter="+08.975042+038.799400" DefaultRange="300" MagneticVariation="2" VisibilityRange="150">
    <Sectors>
      <Sector Name="ABA"/>
    </Sectors>
    <Maps>
      <Map Name="ALL_NAVAIDS"/>
      <Map Name="ALL_CTA"/>
      <Map Name="ALL_COAST"/>
      <Map Name="Bole/HAAB_RWY07R"/>
    </Maps>
    <ATIS>
        <Editor Airport="HAAB" Frequency="128.8" />
        <Window Airport="HAAB" />
      </ATIS>
    <Strips Mode="State" Sort="Time">
      <Window Type="State" State="Jurisdiction" Visible="true"/>
      <Window Type="State" State="Announced" Visible="true"/>
      <Window Type="State" State="Preactive" Visible="true"/>
    </Strips>
    <ArrivalLists>
      <Airport Name="HAAB"/>
    </ArrivalLists>
    <CFL QuickLevel="24000"/>
      <AdditionalLevels>8800</AdditionalLevels>
      <AdditionalLevels>9300</AdditionalLevels>
      <AdditionalLevels>9800</AdditionalLevels>
      <AdditionalLevels>12300</AdditionalLevels>
    <ControllerInfo>
      <Line>"Bole Approach"</Line>
      <Line>Monitor ATIS on 128.500</Line>
    </ControllerInfo>
  </Position>
  <Position Name="Bahir Dar Approach" Type="ASD" DefaultCenter="+11.606294+037.319728" DefaultRange="300" VisibilityRange="100">
    <Sectors>
      <Sector Name="BDA"/>
    </Sectors>
    <Maps>
      <Map Name="ALL_NAVAIDS"/>
      <Map Name="ALL_CTA"/>
      <Map Name="ALL_COAST"/>
    </Maps>
    <Strips Mode="State" Sort="Time">
      <Window Type="State" State="Jurisdiction" Visible="true"/>
      <Window Type="State" State="Announced" Visible="true"/>
      <Window Type="State" State="Preactive" Visible="true"/>
    </Strips>
    <ArrivalLists>
      <Airport Name="HABD"/>
    </ArrivalLists>
    <CFL QuickLevel="24000"/>
    <ControllerInfo>
      <Line>"Bahir Dar Approach"</Line>
      <Line>Monitor ATIS on 128.500</Line>
    </ControllerInfo>
  </Position>
  <Position Name="Djibouti Approach" Type="ASD" DefaultCenter="+11.547222+043.159444" DefaultRange="300" VisibilityRange="100">
    <Sectors>
      <Sector Name="DAMA"/>
    </Sectors>
    <Maps>
      <Map Name="ALL_NAVAIDS"/>
      <Map Name="ALL_CTA"/>
      <Map Name="ALL_COAST"/>
    </Maps>
    <ATIS>
        <Editor Airport="HDAM" Frequency="126.4" />
        <Window Airport="HDAM" />
      </ATIS>
    <Strips Mode="State" Sort="Time">
      <Window Type="State" State="Jurisdiction" Visible="true"/>
      <Window Type="State" State="Announced" Visible="true"/>
      <Window Type="State" State="Preactive" Visible="true"/>
    </Strips>
    <ArrivalLists>
      <Airport Name="HABD"/>
    </ArrivalLists>
    <CFL QuickLevel="24000"/>
    <ControllerInfo>
      <Line>"Djibouti Approach"</Line>
      <Line>Monitor ATIS on 126.400</Line>
    </ControllerInfo>
  </Position>
  </Group>
  <Group Name="Tower positions">
  <Position Name="Bole Tower" Type="ASD" DefaultCenter="+08.975042+038.799400" DefaultRange="100" VisibilityRange="50">
    <Sectors>
      <Sector Name="AB ADC"/>
      <Sector Name="AB SMC"/>
    </Sectors>
    <Maps>
    <ATIS>
        <Editor Airport="HAAB" Frequency="128.8" />
        <Window Airport="HAAB" />
      </ATIS>
      <Map Name="ALL_NAVAIDS"/>
    </Maps>
    <Strips Mode="Beacon" Sort="Alpha">
      <Window Type="ADEP" Beacon="HAAB" Visible="true"/>
    </Strips>
    <ArrivalLists>
      <Airport Name="HAAB"/>
    </ArrivalLists>
    <CFL QuickLevel="24000"/>
    <ControllerInfo>
      <Line>"Bole Tower"</Line>
      <Line>Monitor ATIS on 128.500</Line>
    </ControllerInfo>
    <ControllerInfo Callsign="HAAB_GND">
      <Line>"Bole Ground"</Line>
      <Line>Monitor ATIS on 128.500</Line>
    </ControllerInfo>
  </Position>
  <Position Name="Axum Tower" Type="ASD" DefaultCenter="+14.137069+038.776056" DefaultRange="100" VisibilityRange="30">
    <Sectors>
      <Sector Name="AX ADC"/>
      <Sector Name="AX SMC"/>
    </Sectors>
    <Maps>
      <Map Name="ALL_NAVAIDS"/>
    </Maps>
    <Strips Mode="Beacon" Sort="Alpha">
      <Window Type="ADEP" Beacon="HAAX" Visible="true"/>
    </Strips>
    <ArrivalLists>
      <Airport Name="HAAX"/>
    </ArrivalLists>
    <CFL QuickLevel="24000"/>
    <ControllerInfo>
      <Line>"Axum Tower"</Line>
      <Line>Monitor ATIS on 128.500</Line>
    </ControllerInfo>
    <ControllerInfo Callsign="HAAX_GND">
      <Line>"Axum Ground"</Line>
      <Line>Monitor ATIS on 128.500</Line>
    </ControllerInfo>
  </Position>
  <Position Name="Bahir Dar Tower" Type="ASD" DefaultCenter="+11.606294+037.319728" DefaultRange="150" VisibilityRange="50">
    <Sectors>
      <Sector Name="BD ADC"/>
      <Sector Name="BD SMC"/>
    </Sectors>
    <Maps>
      <Map Name="ALL_NAVAIDS"/>
    </Maps>
    <Strips Mode="Beacon" Sort="Alpha">
      <Window Type="ADEP" Beacon="HABD" Visible="true"/>
    </Strips>
    <ArrivalLists>
      <Airport Name="HABD"/>
    </ArrivalLists>
    <CFL QuickLevel="24000"/>
    <ControllerInfo>
      <Line>"Bahir Dar Tower"</Line>
      <Line>Monitor ATIS on 128.500</Line>
    </ControllerInfo>
  </Position>
  <Position Name="Djibouti Tower" Type="ASD" DefaultCenter="+11.547222+043.159444" DefaultRange="100" VisibilityRange="50">
    <Sectors>
      <Sector Name="DAM ADC"/>
      <Sector Name="DAM SMC"/>
    </Sectors>
    <Maps>
      <Map Name="ALL_NAVAIDS"/>
    </Maps>
    <ATIS>
        <Editor Airport="HDAM" Frequency="126.4" />
        <Window Airport="HDAM" />
      </ATIS>
    <Strips Mode="State" Sort="Time">
      <Window Type="State" State="Jurisdiction" Visible="true"/>
      <Window Type="State" State="Announced" Visible="true"/>
      <Window Type="State" State="Preactive" Visible="true"/>
    </Strips>
    <ArrivalLists>
      <Airport Name="HABD"/>
    </ArrivalLists>
    <CFL QuickLevel="24000"/>
    <ControllerInfo>
      <Line>"Djibouti Tower"</Line>
      <Line>Monitor ATIS on 126.400</Line>
    </ControllerInfo>
    <ControllerInfo Callsign="HDAM_GND">
      <Line>"Djibouti Ground"</Line>
      <Line>Monitor ATIS on 126.400</Line>
    </ControllerInfo>
  </Position>
  </Group>
  <Position Name="HAAB" Type="ASMGCS" ASMGCSAirport="HAAB" DefaultCenter="+08.979260+038.798987" DefaultRange="3" Rotation="016">
    <Maps>
      <Map Name="Bole/HAAB_RWYS"/>
      <Map Name="Bole/HAAB_TWYS"/>
      <Map Name="Bole/HAAB_BLDS"/>
    </Maps>
  </Position>
  <Position Name="HDAM" Type="ASMGCS" ASMGCSAirport="HDAM" DefaultCenter="+11.547222+043.159444" DefaultRange="3" Rotation="359">
    <Maps>
      <Map Name="Djibouti/HDAM_RWYS"/>
      <Map Name="Djibouti/HDAM_TWYS"/>
      <Map Name="Djibouti/HDAM_BLDS"/>
    </Maps>
  </Position>
</Positions>
