﻿<?xml version="1.0" encoding="UTF-8"?>
<Sectors>
  <Sector Name="ACW" FullName="Addis West Control" Frequency="125.100" Callsign="HAAA_1_CTR">
    <Volumes>HAAA_W</Volumes>
    <ResponsibleSectors>ACE,ABA,BDA,DAMA,DRA,MKA</ResponsibleSectors>
  </Sector>
  <Sector Name="ACE" FullName="Addis East Control" Frequency="125.200" Callsign="HAAA_2_CTR">
    <Volumes>HAAA_E</Volumes>
    <ResponsibleSectors>DAMA,DRA,MKA</ResponsibleSectors>
  </Sector>
  <Sector Name="ABA" FullName="Bole Approach" Frequency="119.700" Callsign="HAAB_APP">
    <Volumes>HAAB_TMA</Volumes>
  </Sector>
  <Sector Name="AB ADC" FullName="Bole Tower" Frequency="118.100" Callsign="HAAB_TWR" DisplayInHandoffWindow="True">
    <Volumes>HAAB_CTR</Volumes>
  </Sector>
  <Sector Name="AB SMC" FullName="Bole Ground" Frequency="121.900" Callsign="HAAB_GND" DisplayInHandoffWindow="True">
    <Volumes>HAAB_CTR</Volumes>
  </Sector>
  <Sector Name="AX ADC" FullName="Axum Tower" Frequency="118.000" Callsign="HAAX_TWR" DisplayInHandoffWindow="True">
    <Volumes>HAAX_CTR</Volumes>
  </Sector>
  <Sector Name="AX SMC" FullName="Axum Ground" Frequency="121.900" Callsign="HAAX_GND" DisplayInHandoffWindow="True">
    <Volumes>HAAX_CTR</Volumes>
  </Sector>
  <Sector Name="BDA" FullName="Bahir Dar Approach" Frequency="118.300" Callsign="HABD_APP">
    <Volumes>HABD_TMA</Volumes>
  </Sector>
  <Sector Name="BD ADC" FullName="Bahir Dar Tower" Frequency="118.300" Callsign="HABD_TWR" DisplayInHandoffWindow="True">
    <Volumes>HABD_CTR</Volumes>
  </Sector>
<Sector Name="DRA" FullName="Dire Dawa Approach" Frequency="120.300" Callsign="HADR_APP" DisplayInHandoffWindow="True">
    <Volumes>HADR_TMA</Volumes>
  </Sector>
  <Sector Name="DR ADC" FullName="Dire Dawa Tower" Frequency="118.300" Callsign="HADR_TWR" DisplayInHandoffWindow="True">
    <Volumes>HADR_CTR</Volumes>
  </Sector>
  <Sector Name="DR SMC" FullName="Dire Dawa Ground" Frequency="121.900" Callsign="HADR_GND" DisplayInHandoffWindow="True">
    <Volumes>HADR_CTR</Volumes>
  </Sector>
  <Sector Name="GM ADC" FullName="Gambela Tower" Frequency="118.700" Callsign="HAGM_TWR" DisplayInHandoffWindow="True">
    <Volumes>HAGM_CTR</Volumes>
  </Sector>
  <Sector Name="GM SMC" FullName="Gambela Ground" Frequency="121.900" Callsign="HAGM_GND" DisplayInHandoffWindow="True">
    <Volumes>HAGM_CTR</Volumes>
  </Sector>
  <Sector Name="GN ADC" FullName="Gonder Tower" Frequency="118.600" Callsign="HAGN_TWR" DisplayInHandoffWindow="True">
    <Volumes>HAGN_CTR</Volumes>
  </Sector>
  <Sector Name="GN SMC" FullName="Gonder Ground" Frequency="121.900" Callsign="HAGN_GND" DisplayInHandoffWindow="True">
    <Volumes>HAGN_CTR</Volumes>
  </Sector>
  <Sector Name="GO ADC" FullName="Gode Tower" Frequency="118.600" Callsign="HAGO_TWR" DisplayInHandoffWindow="True">
    <Volumes>HAGO_CTR</Volumes>
  </Sector>
  <Sector Name="GO SMC" FullName="Gode Ground" Frequency="121.900" Callsign="HAGO_GND" DisplayInHandoffWindow="True">
    <Volumes>HAGO_CTR</Volumes>
  </Sector>
  <Sector Name="JJ ADC" FullName="Jijga Tower" Frequency="118.500" Callsign="HAJJ_TWR" DisplayInHandoffWindow="True">
    <Volumes>HAJJ_CTR</Volumes>
  </Sector>
  <Sector Name="JJ SMC" FullName="Jija Ground" Frequency="121.900" Callsign="HAJJ_GND" DisplayInHandoffWindow="True">
    <Volumes>HAJJ_CTR</Volumes>
  </Sector>
  <Sector Name="JM ADC" FullName="Jimma Tower" Frequency="118.400" Callsign="HAJM_TWR" DisplayInHandoffWindow="True">
    <Volumes>HAJM_CTR</Volumes>
  </Sector>
  <Sector Name="LA ADC" FullName="Awasa Tower" Frequency="118.700" Callsign="HALA_TWR" DisplayInHandoffWindow="True">
    <Volumes>HALA_CTR</Volumes>
  </Sector>
  <Sector Name="LA SMC" FullName="Awasa Ground" Frequency="121.900" Callsign="HALA_GND" DisplayInHandoffWindow="True">
    <Volumes>HALA_CTR</Volumes>
  </Sector>
  <Sector Name="MKA" FullName="Mekele Approach" Frequency="118.500" Callsign="HAMK_APP">
    <Volumes>HAMK_TMA</Volumes>
  </Sector>
  <Sector Name="MK ADC" FullName="Mekele Tower" Frequency="118.800" Callsign="HAMK_TWR" DisplayInHandoffWindow="True">
    <Volumes>HAMK_CTR</Volumes>
  </Sector>
  <Sector Name="MK SMC" FullName="Mekela Ground" Frequency="121.900" Callsign="HAMK_GND" DisplayInHandoffWindow="True">
    <Volumes>HAMK_CTR</Volumes>
  </Sector>
  <Sector Name="SO ADC" FullName="Asosa Tower" Frequency="118.500" Callsign="HASO_TWR" DisplayInHandoffWindow="True">
    <Volumes>HASO_CTR</Volumes>
  </Sector>
  <Sector Name="SO SMC" FullName="Asosa Ground" Frequency="121.900" Callsign="HASO_GND" DisplayInHandoffWindow="True">
    <Volumes>HASO_CTR</Volumes>
  </Sector>
  <Sector Name="DAMA" FullName="Djibouti Approach" Frequency="118.500" Callsign="HDAM_APP">
    <Volumes>HDAM_TMA</Volumes>
  </Sector>
  <Sector Name="DAM ADC" FullName="Djibouti Tower" Frequency="122.100" Callsign="HDAM_TWR" DisplayInHandoffWindow="True">
    <Volumes>HDAM_CTR</Volumes>
  </Sector>
  <Sector Name="DAM SMC" FullName="Djibouti Ground" Frequency="118.100" Callsign="HDAM_GND" DisplayInHandoffWindow="True">
    <Volumes>HDAM_CTR</Volumes>
  </Sector>

  <!-- Sectors for handoff (!!YET TO BE COMPLETED!!)-->
  <Sector FullName="Africa Central Control" Frequency="129.075" Callsign="AFRC_FSS" Name="AFRC" DisplayInSectorsWindow="False">
    <Volumes>HKNA</Volumes>
  </Sector>
  <Sector FullName="Africa Central Control (Relief)" Frequency="129.075" Callsign="AFRC__FSS" Name="AFRC1" DisplayInSectorsWindow="False">
    <Volumes>HKNA</Volumes>
  </Sector>
  <Sector FullName="Africa East Control" Frequency="135.050" Callsign="AFRE_FSS" Name="AFRE" DisplayInSectorsWindow="False">
    <Volumes>HCSM_N,HCSM_S,HHAA,HSSS_S1,HSSS_S2</Volumes>
  </Sector>
  <Sector FullName="Africa East Control (Relief)" Frequency="135.050" Callsign="AFRE__FSS" Name="AFRE1" DisplayInSectorsWindow="False">
    <Volumes>HCSM_N,HCSM_S,HHAA,HSSS_S1,HSSS_S2</Volumes>
  </Sector>
  <Sector FullName="Gulf Control" Frequency="133.650" Callsign="GULF_FSS" Name="GULF" DisplayInSectorsWindow="False">
    <Volumes>OYSC</Volumes>
  </Sector>
  <Sector FullName="Gulf Control (Relief)" Frequency="133.650" Callsign="GULF__FSS" Name="GULF1" DisplayInSectorsWindow="False">
    <Volumes>OYSC</Volumes>
  </Sector>
  <Sector FullName="Gulf Control (Relief)" Frequency="133.650" Callsign="GULF_1_FSS" Name="GULF2" DisplayInSectorsWindow="False">
    <Volumes>OYSC</Volumes>
  </Sector>
  <Sector FullName="Gulf West Control" Frequency="133.500" Callsign="GULF_W_FSS" Name="GULFW" DisplayInSectorsWindow="False">
    <Volumes>OYSC</Volumes>
  </Sector>
  <Sector FullName="Mogadishu Control" Frequency="132.500" Callsign="HCSM_CTR" Name="HCSM" DisplayInSectorsWindow="False">
    <Volumes>HCSM_N,HCSM_S</Volumes>
  </Sector>
  <Sector FullName="Mogadishu Information" Frequency="132.525" Callsign="HCSM_I_CTR" Name="HCSMI" DisplayInSectorsWindow="False">
    <Volumes>HCSM_N,HCSM_S</Volumes>
  </Sector>
  <Sector FullName="Asmara Center" Frequency="129.500" Callsign="HHAA_1_CTR" Name="HHAA" DisplayInSectorsWindow="False">
    <Volumes>HHAA</Volumes>
  </Sector>
  <Sector FullName="Asmara Approach" Frequency="120.700" Callsign="HHAS_APP" Name="HHASA" DisplayInSectorsWindow="False">
    <Volumes>HHAS_TMA</Volumes>
  </Sector>
  <Sector FullName="Assab Approach" Frequency="129.50" Callsign="HHSB_APP" Name="HHSBA" DisplayInSectorsWindow="False">
    <Volumes>HHSB_TMA</Volumes>
  </Sector>
  <Sector FullName="Juba Control" Frequency="123.900" Callsign="HJJJ_1_CTR" Name="HJJJ" DisplayInSectorsWindow="False">
    <Volumes>HJJJ</Volumes>
  </Sector>
  <Sector FullName="Nairobi Control" Frequency="121.300" Callsign="HKNA_CTR" Name="HKNA" DisplayInSectorsWindow="False">
    <Volumes>HKNA</Volumes>
  </Sector>
  <Sector FullName="Nairobi Control (Relief)" Frequency="121.300" Callsign="HKNA__CTR" Name="HKNA1" DisplayInSectorsWindow="False">
    <Volumes>HKNA</Volumes>
  </Sector>
  <Sector FullName="Khartoum Center" Frequency="125.400" Callsign="HSSS_1_CTR" Name="KC1" DisplayInSectorsWindow="False">
    <Volumes>HSSS_S1,HSSS_S2</Volumes>
  </Sector>
  <Sector FullName="Khartoum Center (Relief)" Frequency="127.300" Callsign="HSSS_1X_CTR" Name="KC1X" DisplayInSectorsWindow="False">
    <Volumes>HSSS_S1,HSSS_S2</Volumes>
  </Sector>
  <Sector FullName="Khartoum Center" Frequency="125.700" Callsign="HSSS_2_CTR" Name="KC2" DisplayInSectorsWindow="False">
    <Volumes>HSSS_S1,HSSS_S2</Volumes>
  </Sector>
  <Sector FullName="Sanaa Radio" Frequency="120.100" Callsign="OYSC_CTR" Name="OYSC" DisplayInSectorsWindow="False">
    <Volumes>OYSC</Volumes>
  </Sector>
</Sectors>
